<?xml version="1.0" encoding="UTF-8" standalone="no"?>
<!DOCTYPE score-partwise PUBLIC "-//Recordare//DTD MusicXML 2.0 Partwise//EN" "http://www.musicxml.org/dtds/partwise.dtd">
<score-partwise version="2.0">
 <work>
  <work-title></work-title>
 </work>
 <identification>
  <creator type="composer"></creator>
  <creator type="poet"></creator>
  <rights></rights>
  <encoding>
   <software>Neuratron PhotoScore</software>
   <encoding-description>MusicXML 2.0</encoding-description>
  </encoding>
  <source>Scanned sheet music</source>
 </identification>
 <defaults>
  <scaling>
   <millimeters>60</millimeters>
   <tenths>400</tenths>
  </scaling>
  <page-layout>
   <page-height>1812</page-height>
   <page-width>1278</page-width>
  </page-layout>
 </defaults>
 <part-list>
  <score-part id="P1">
   <part-name></part-name>
   <part-abbreviation></part-abbreviation>
   <score-instrument id="P1-I1">
    <instrument-name></instrument-name>
   </score-instrument>
   <midi-instrument id="P1-I1">
    <midi-channel>1</midi-channel>
    <midi-program>1</midi-program>
   </midi-instrument>
  </score-part>
 </part-list>
 <part id="P1">
  <measure number="1">
   <attributes>
    <divisions>12</divisions>
    <key>
     <fifths>3</fifths>
    </key>
    <time>
     <beats>3</beats>
     <beat-type>4</beat-type>
    </time>
    <clef number="1">
     <sign>G</sign>
     <line>2</line>
    </clef>
   </attributes>
   <note>
    <pitch>
     <step>A</step>
     <octave>4</octave>
    </pitch>
    <duration>6</duration>
    <voice>1</voice>
    <type>eighth</type>
    <stem>up</stem>
   </note>
   <note>
    <pitch>
     <step>B</step>
     <octave>4</octave>
    </pitch>
    <duration>6</duration>
    <voice>1</voice>
    <type>eighth</type>
    <stem>down</stem>
   </note>
   <note>
    <pitch>
     <step>A</step>
     <octave>4</octave>
    </pitch>
    <duration>6</duration>
    <voice>1</voice>
    <type>eighth</type>
    <stem>up</stem>
   </note>
   <note>
    <pitch>
     <step>G</step>
     <alter>1</alter>
     <octave>4</octave>
    </pitch>
    <duration>6</duration>
    <voice>1</voice>
    <type>eighth</type>
    <stem>up</stem>
   </note>
   <note>
    <pitch>
     <step>A</step>
     <octave>4</octave>
    </pitch>
    <duration>6</duration>
    <voice>1</voice>
    <type>eighth</type>
    <stem>up</stem>
   </note>
   <note>
    <pitch>
     <step>G</step>
     <alter>1</alter>
     <octave>4</octave>
    </pitch>
    <duration>6</duration>
    <voice>1</voice>
    <type>eighth</type>
    <stem>up</stem>
   </note>
  </measure>
  <measure number="2">
   <note>
    <pitch>
     <step>A</step>
     <octave>4</octave>
    </pitch>
    <duration>6</duration>
    <voice>1</voice>
    <type>eighth</type>
    <stem>up</stem>
   </note>
   <note>
    <pitch>
     <step>B</step>
     <octave>4</octave>
    </pitch>
    <duration>6</duration>
    <voice>1</voice>
    <type>eighth</type>
    <stem>down</stem>
   </note>
   <note>
    <pitch>
     <step>A</step>
     <octave>4</octave>
    </pitch>
    <duration>6</duration>
    <voice>1</voice>
    <type>eighth</type>
    <stem>up</stem>
   </note>
   <note>
    <pitch>
     <step>G</step>
     <alter>1</alter>
     <octave>4</octave>
    </pitch>
    <duration>6</duration>
    <voice>1</voice>
    <type>eighth</type>
    <stem>up</stem>
   </note>
   <note>
    <pitch>
     <step>A</step>
     <octave>4</octave>
    </pitch>
    <duration>12</duration>
    <voice>1</voice>
    <type>quarter</type>
    <stem>up</stem>
    <notations>
     <articulations>
      <strong-accent/>
     </articulations>
    </notations>
   </note>
  </measure>
  <measure number="3">
   <note>
    <pitch>
     <step>G</step>
     <alter>1</alter>
     <octave>4</octave>
    </pitch>
    <duration>24</duration>
    <voice>1</voice>
    <type>half</type>
    <stem>up</stem>
   </note>
   <note>
    <rest/>
    <duration>12</duration>
    <voice>1</voice>
    <type>quarter</type>
   </note>
  </measure>
  <measure number="4">
   <note>
    <pitch>
     <step>D</step>
     <octave>4</octave>
    </pitch>
    <duration>6</duration>
    <voice>1</voice>
    <type>eighth</type>
    <stem>up</stem>
   </note>
   <note>
    <pitch>
     <step>F</step>
     <alter>1</alter>
     <octave>4</octave>
    </pitch>
    <duration>6</duration>
    <voice>1</voice>
    <type>eighth</type>
    <stem>up</stem>
   </note>
   <note>
    <pitch>
     <step>F</step>
     <alter>1</alter>
     <octave>4</octave>
    </pitch>
    <duration>6</duration>
    <voice>1</voice>
    <type>eighth</type>
    <stem>up</stem>
   </note>
   <note>
    <pitch>
     <step>F</step>
     <alter>1</alter>
     <octave>4</octave>
    </pitch>
    <duration>6</duration>
    <voice>1</voice>
    <type>eighth</type>
    <stem>up</stem>
   </note>
   <note>
    <pitch>
     <step>F</step>
     <alter>1</alter>
     <octave>4</octave>
    </pitch>
    <duration>6</duration>
    <voice>1</voice>
    <type>eighth</type>
    <stem>up</stem>
   </note>
   <note>
    <pitch>
     <step>E</step>
     <octave>4</octave>
    </pitch>
    <duration>6</duration>
    <voice>1</voice>
    <type>eighth</type>
    <stem>up</stem>
   </note>
  </measure>
  <measure number="5">
   <note>
    <pitch>
     <step>D</step>
     <octave>4</octave>
    </pitch>
    <duration>6</duration>
    <voice>1</voice>
    <type>eighth</type>
    <stem>up</stem>
   </note>
   <note>
    <pitch>
     <step>F</step>
     <alter>1</alter>
     <octave>4</octave>
    </pitch>
    <duration>6</duration>
    <voice>1</voice>
    <type>eighth</type>
    <stem>up</stem>
    <notations>
     <articulations>
      <staccato/>
     </articulations>
    </notations>
   </note>
   <note>
    <pitch>
     <step>F</step>
     <alter>1</alter>
     <octave>4</octave>
    </pitch>
    <duration>6</duration>
    <voice>1</voice>
    <type>eighth</type>
    <stem>up</stem>
   </note>
   <note>
    <pitch>
     <step>A</step>
     <octave>4</octave>
    </pitch>
    <duration>6</duration>
    <voice>1</voice>
    <type>eighth</type>
    <stem>up</stem>
   </note>
   <note>
    <pitch>
     <step>F</step>
     <alter>1</alter>
     <octave>4</octave>
    </pitch>
    <duration>12</duration>
    <voice>1</voice>
    <type>quarter</type>
    <stem>up</stem>
    <notations>
     <articulations>
      <strong-accent/>
     </articulations>
    </notations>
   </note>
  </measure>
  <measure number="6">
   <print new-system="yes"/>
   <note>
    <rest/>
    <duration>8</duration>
    <voice>1</voice>
    <type>quarter</type>
    <time-modification>
     <actual-notes>3</actual-notes>
     <normal-notes>2</normal-notes>
     <normal-type>quarter</normal-type>
    </time-modification>
    <notations>
     <tuplet type="start" number="1"/>
    </notations>
   </note>
   <note>
    <pitch>
     <step>E</step>
     <octave>4</octave>
    </pitch>
    <duration>16</duration>
    <voice>1</voice>
    <type>half</type>
    <time-modification>
     <actual-notes>3</actual-notes>
     <normal-notes>2</normal-notes>
     <normal-type>quarter</normal-type>
    </time-modification>
    <stem>up</stem>
    <notations>
     <tuplet type="stop" number="1"/>
    </notations>
   </note>
   <note>
    <rest/>
    <duration>12</duration>
    <voice>1</voice>
    <type>quarter</type>
   </note>
   <barline location="right">
    <bar-style>light-heavy</bar-style>
    <repeat direction="backward"/>
   </barline>
  </measure>
  <measure number="7">
   <attributes>
    <key>
     <fifths>-1</fifths>
    </key>
    <time>
     <beats>2</beats>
     <beat-type>4</beat-type>
    </time>
   </attributes>
   <note>
    <pitch>
     <step>D</step>
     <octave>5</octave>
    </pitch>
    <duration>12</duration>
    <voice>1</voice>
    <type>quarter</type>
    <stem>down</stem>
   </note>
   <note>
    <pitch>
     <step>D</step>
     <octave>5</octave>
    </pitch>
    <duration>6</duration>
    <voice>1</voice>
    <type>eighth</type>
    <stem>down</stem>
   </note>
   <note>
    <pitch>
     <step>D</step>
     <octave>5</octave>
    </pitch>
    <duration>6</duration>
    <voice>1</voice>
    <type>eighth</type>
    <stem>down</stem>
   </note>
  </measure>
  <measure number="8">
   <note>
    <pitch>
     <step>C</step>
     <alter>1</alter>
     <octave>5</octave>
    </pitch>
    <duration>8</duration>
    <voice>1</voice>
    <type>quarter</type>
    <accidental>sharp</accidental>
    <time-modification>
     <actual-notes>3</actual-notes>
     <normal-notes>2</normal-notes>
     <normal-type>eighth</normal-type>
    </time-modification>
    <stem>down</stem>
    <notations>
     <tuplet type="start" number="1"/>
    </notations>
   </note>
   <note>
    <pitch>
     <step>D</step>
     <octave>5</octave>
    </pitch>
    <duration>4</duration>
    <voice>1</voice>
    <type>eighth</type>
    <time-modification>
     <actual-notes>3</actual-notes>
     <normal-notes>2</normal-notes>
     <normal-type>eighth</normal-type>
    </time-modification>
    <stem>down</stem>
    <notations>
     <tuplet type="stop" number="1"/>
    </notations>
   </note>
   <note>
    <pitch>
     <step>E</step>
     <octave>5</octave>
    </pitch>
    <duration>6</duration>
    <voice>1</voice>
    <type>eighth</type>
    <stem>down</stem>
   </note>
   <note>
    <pitch>
     <step>D</step>
     <octave>5</octave>
    </pitch>
    <duration>6</duration>
    <voice>1</voice>
    <type>eighth</type>
    <stem>down</stem>
   </note>
  </measure>
  <measure number="9">
   <note>
    <pitch>
     <step>A</step>
     <octave>4</octave>
    </pitch>
    <duration>6</duration>
    <voice>1</voice>
    <type>eighth</type>
    <stem>up</stem>
   </note>
   <note>
    <pitch>
     <step>B</step>
     <octave>4</octave>
    </pitch>
    <duration>6</duration>
    <voice>1</voice>
    <type>eighth</type>
    <accidental>natural</accidental>
    <stem>down</stem>
   </note>
   <note>
    <pitch>
     <step>C</step>
     <octave>5</octave>
    </pitch>
    <duration>12</duration>
    <voice>1</voice>
    <type>quarter</type>
    <stem>down</stem>
   </note>
  </measure>
  <measure number="10">
   <note>
    <pitch>
     <step>C</step>
     <octave>5</octave>
    </pitch>
    <duration>12</duration>
    <voice>1</voice>
    <type>quarter</type>
    <stem>down</stem>
   </note>
   <note>
    <pitch>
     <step>B</step>
     <alter>-1</alter>
     <octave>4</octave>
    </pitch>
    <duration>6</duration>
    <voice>1</voice>
    <type>eighth</type>
    <accidental>flat</accidental>
    <stem>down</stem>
   </note>
   <note>
    <pitch>
     <step>A</step>
     <octave>4</octave>
    </pitch>
    <duration>6</duration>
    <voice>1</voice>
    <type>eighth</type>
    <stem>up</stem>
   </note>
  </measure>
  <measure number="11">
   <note>
    <pitch>
     <step>A</step>
     <octave>4</octave>
    </pitch>
    <duration>6</duration>
    <voice>1</voice>
    <type>eighth</type>
    <stem>up</stem>
   </note>
   <note>
    <pitch>
     <step>B</step>
     <octave>4</octave>
    </pitch>
    <duration>6</duration>
    <voice>1</voice>
    <type>eighth</type>
    <accidental>natural</accidental>
    <stem>down</stem>
   </note>
   <note>
    <pitch>
     <step>C</step>
     <octave>5</octave>
    </pitch>
    <duration>12</duration>
    <voice>1</voice>
    <type>quarter</type>
    <stem>down</stem>
   </note>
  </measure>
  <measure number="12">
   <note>
    <pitch>
     <step>C</step>
     <octave>5</octave>
    </pitch>
    <duration>12</duration>
    <voice>1</voice>
    <type>quarter</type>
    <stem>down</stem>
   </note>
   <note>
    <pitch>
     <step>G</step>
     <octave>4</octave>
    </pitch>
    <duration>12</duration>
    <voice>1</voice>
    <type>quarter</type>
    <stem>up</stem>
   </note>
  </measure>
  <measure number="13">
   <print new-system="yes"/>
   <note>
    <pitch>
     <step>A</step>
     <octave>4</octave>
    </pitch>
    <duration>12</duration>
    <voice>1</voice>
    <type>quarter</type>
    <stem>up</stem>
   </note>
   <note>
    <rest/>
    <duration>12</duration>
    <voice>1</voice>
    <type>quarter</type>
   </note>
  </measure>
  <measure number="14">
   <note>
    <pitch>
     <step>C</step>
     <octave>5</octave>
    </pitch>
    <duration>12</duration>
    <voice>1</voice>
    <type>quarter</type>
    <stem>down</stem>
   </note>
   <note>
    <pitch>
     <step>C</step>
     <octave>5</octave>
    </pitch>
    <duration>6</duration>
    <voice>1</voice>
    <type>eighth</type>
    <stem>down</stem>
   </note>
   <note>
    <pitch>
     <step>B</step>
     <alter>-1</alter>
     <octave>4</octave>
    </pitch>
    <duration>6</duration>
    <voice>1</voice>
    <type>eighth</type>
    <stem>down</stem>
   </note>
  </measure>
  <measure number="15">
   <note>
    <pitch>
     <step>A</step>
     <octave>4</octave>
    </pitch>
    <duration>6</duration>
    <voice>1</voice>
    <type>eighth</type>
    <stem>up</stem>
   </note>
   <note>
    <pitch>
     <step>G</step>
     <octave>4</octave>
    </pitch>
    <duration>6</duration>
    <voice>1</voice>
    <type>eighth</type>
    <stem>up</stem>
   </note>
   <note>
    <pitch>
     <step>A</step>
     <octave>4</octave>
    </pitch>
    <duration>6</duration>
    <voice>1</voice>
    <type>eighth</type>
    <stem>up</stem>
   </note>
   <note>
    <pitch>
     <step>D</step>
     <octave>4</octave>
    </pitch>
    <duration>6</duration>
    <voice>1</voice>
    <type>eighth</type>
    <stem>up</stem>
   </note>
  </measure>
  <measure number="16">
   <note>
    <pitch>
     <step>D</step>
     <octave>4</octave>
    </pitch>
    <duration>6</duration>
    <voice>1</voice>
    <type>eighth</type>
    <stem>up</stem>
   </note>
   <note>
    <pitch>
     <step>E</step>
     <octave>4</octave>
    </pitch>
    <duration>6</duration>
    <voice>1</voice>
    <type>eighth</type>
    <stem>up</stem>
   </note>
   <note>
    <pitch>
     <step>F</step>
     <octave>4</octave>
    </pitch>
    <duration>12</duration>
    <voice>1</voice>
    <type>quarter</type>
    <stem>up</stem>
   </note>
  </measure>
  <measure number="17">
   <note>
    <pitch>
     <step>F</step>
     <octave>4</octave>
    </pitch>
    <duration>12</duration>
    <voice>1</voice>
    <type>quarter</type>
    <stem>up</stem>
   </note>
   <note>
    <pitch>
     <step>E</step>
     <alter>-1</alter>
     <octave>4</octave>
    </pitch>
    <duration>6</duration>
    <voice>1</voice>
    <type>eighth</type>
    <accidental>flat</accidental>
    <stem>up</stem>
   </note>
   <note>
    <pitch>
     <step>D</step>
     <octave>4</octave>
    </pitch>
    <duration>6</duration>
    <voice>1</voice>
    <type>eighth</type>
    <stem>up</stem>
   </note>
  </measure>
  <measure number="18">
   <note>
    <pitch>
     <step>D</step>
     <octave>4</octave>
    </pitch>
    <duration>6</duration>
    <voice>1</voice>
    <type>eighth</type>
    <stem>up</stem>
   </note>
   <note>
    <pitch>
     <step>E</step>
     <octave>4</octave>
    </pitch>
    <duration>6</duration>
    <voice>1</voice>
    <type>eighth</type>
    <accidental>natural</accidental>
    <stem>up</stem>
   </note>
   <note>
    <pitch>
     <step>F</step>
     <octave>4</octave>
    </pitch>
    <duration>12</duration>
    <voice>1</voice>
    <type>quarter</type>
    <stem>up</stem>
   </note>
  </measure>
  <measure number="19">
   <note>
    <pitch>
     <step>F</step>
     <octave>4</octave>
    </pitch>
    <duration>12</duration>
    <voice>1</voice>
    <type>quarter</type>
    <stem>up</stem>
   </note>
   <note>
    <pitch>
     <step>C</step>
     <octave>4</octave>
    </pitch>
    <duration>12</duration>
    <voice>1</voice>
    <type>quarter</type>
    <stem>up</stem>
   </note>
  </measure>
  <measure number="20">
   <note>
    <pitch>
     <step>D</step>
     <octave>4</octave>
    </pitch>
    <duration>12</duration>
    <voice>1</voice>
    <type>quarter</type>
    <stem>up</stem>
   </note>
   <note>
    <rest/>
    <duration>12</duration>
    <voice>1</voice>
    <type>quarter</type>
   </note>
   <barline location="right">
    <bar-style>light-heavy</bar-style>
    <repeat direction="backward"/>
   </barline>
  </measure>
  <measure number="21">
   <attributes>
    <key>
     <fifths>-3</fifths>
    </key>
   </attributes>
   <print new-system="yes"/>
   <note>
    <pitch>
     <step>C</step>
     <octave>5</octave>
    </pitch>
    <duration>6</duration>
    <voice>1</voice>
    <type>eighth</type>
    <stem>down</stem>
   </note>
   <note>
    <pitch>
     <step>B</step>
     <octave>4</octave>
    </pitch>
    <duration>6</duration>
    <voice>1</voice>
    <type>eighth</type>
    <accidental>natural</accidental>
    <stem>down</stem>
   </note>
   <note>
    <pitch>
     <step>C</step>
     <octave>5</octave>
    </pitch>
    <duration>12</duration>
    <voice>1</voice>
    <type>quarter</type>
    <stem>down</stem>
   </note>
  </measure>
  <measure number="22">
   <note>
    <pitch>
     <step>D</step>
     <octave>5</octave>
    </pitch>
    <duration>12</duration>
    <voice>1</voice>
    <type>quarter</type>
    <stem>down</stem>
   </note>
   <note>
    <pitch>
     <step>B</step>
     <alter>-1</alter>
     <octave>4</octave>
    </pitch>
    <duration>6</duration>
    <voice>1</voice>
    <type>eighth</type>
    <stem>down</stem>
   </note>
   <note>
    <pitch>
     <step>G</step>
     <octave>4</octave>
    </pitch>
    <duration>6</duration>
    <voice>1</voice>
    <type>eighth</type>
    <stem>up</stem>
   </note>
  </measure>
  <measure number="23">
   <note>
    <pitch>
     <step>E</step>
     <alter>-1</alter>
     <octave>5</octave>
    </pitch>
    <duration>6</duration>
    <voice>1</voice>
    <type>eighth</type>
    <stem>down</stem>
   </note>
   <note>
    <pitch>
     <step>D</step>
     <octave>5</octave>
    </pitch>
    <duration>6</duration>
    <voice>1</voice>
    <type>eighth</type>
    <stem>down</stem>
   </note>
   <note>
    <pitch>
     <step>C</step>
     <octave>5</octave>
    </pitch>
    <duration>12</duration>
    <voice>1</voice>
    <type>quarter</type>
    <stem>down</stem>
   </note>
  </measure>
  <measure number="24">
   <note>
    <pitch>
     <step>D</step>
     <octave>5</octave>
    </pitch>
    <duration>12</duration>
    <voice>1</voice>
    <type>quarter</type>
    <stem>down</stem>
   </note>
   <note>
    <pitch>
     <step>B</step>
     <alter>-1</alter>
     <octave>4</octave>
    </pitch>
    <duration>6</duration>
    <voice>1</voice>
    <type>eighth</type>
    <stem>down</stem>
   </note>
   <note>
    <pitch>
     <step>G</step>
     <octave>4</octave>
    </pitch>
    <duration>6</duration>
    <voice>1</voice>
    <type>eighth</type>
    <stem>up</stem>
   </note>
  </measure>
  <measure number="25">
   <note>
    <pitch>
     <step>C</step>
     <octave>5</octave>
    </pitch>
    <duration>6</duration>
    <voice>1</voice>
    <type>eighth</type>
    <stem>down</stem>
   </note>
   <note>
    <pitch>
     <step>B</step>
     <octave>4</octave>
    </pitch>
    <duration>6</duration>
    <voice>1</voice>
    <type>eighth</type>
    <accidental>natural</accidental>
    <stem>down</stem>
   </note>
   <note>
    <pitch>
     <step>C</step>
     <octave>5</octave>
    </pitch>
    <duration>12</duration>
    <voice>1</voice>
    <type>quarter</type>
    <stem>down</stem>
   </note>
  </measure>
  <measure number="26">
   <note>
    <pitch>
     <step>B</step>
     <alter>-1</alter>
     <octave>4</octave>
    </pitch>
    <duration>12</duration>
    <voice>1</voice>
    <type>quarter</type>
    <stem>down</stem>
   </note>
   <note>
    <pitch>
     <step>D</step>
     <octave>5</octave>
    </pitch>
    <duration>6</duration>
    <voice>1</voice>
    <type>eighth</type>
    <stem>down</stem>
   </note>
   <note>
    <pitch>
     <step>B</step>
     <alter>-1</alter>
     <octave>4</octave>
    </pitch>
    <duration>6</duration>
    <voice>1</voice>
    <type>eighth</type>
    <stem>down</stem>
   </note>
  </measure>
  <measure number="27">
   <note>
    <pitch>
     <step>A</step>
     <alter>-1</alter>
     <octave>4</octave>
    </pitch>
    <duration>6</duration>
    <voice>1</voice>
    <type>eighth</type>
    <stem>up</stem>
   </note>
   <note>
    <pitch>
     <step>G</step>
     <octave>4</octave>
    </pitch>
    <duration>6</duration>
    <voice>1</voice>
    <type>eighth</type>
    <stem>up</stem>
   </note>
   <note>
    <pitch>
     <step>F</step>
     <octave>4</octave>
    </pitch>
    <duration>12</duration>
    <voice>1</voice>
    <type>quarter</type>
    <stem>up</stem>
   </note>
  </measure>
  <measure number="28">
   <note>
    <pitch>
     <step>G</step>
     <octave>4</octave>
    </pitch>
    <duration>12</duration>
    <voice>1</voice>
    <type>quarter</type>
    <stem>up</stem>
   </note>
   <note>
    <pitch>
     <step>A</step>
     <alter>-1</alter>
     <octave>4</octave>
    </pitch>
    <duration>12</duration>
    <voice>1</voice>
    <type>quarter</type>
    <stem>up</stem>
    <notations>
     <articulations>
      <staccato/>
     </articulations>
    </notations>
   </note>
  </measure>
  <measure number="29">
   <print new-system="yes"/>
   <note>
    <pitch>
     <step>G</step>
     <octave>4</octave>
    </pitch>
    <duration>24</duration>
    <voice>1</voice>
    <type>half</type>
    <stem>up</stem>
   </note>
  </measure>
  <measure number="30">
   <note>
    <grace/>
    <pitch>
     <step>D</step>
     <octave>5</octave>
    </pitch>
    <voice>1</voice>
    <type>quarter</type>
    <stem>down</stem>
   </note>
   <note>
    <rest/>
    <duration>24</duration>
    <voice>1</voice>
    <type>half</type>
   </note>
  </measure>
  <measure number="31">
   <note>
    <pitch>
     <step>A</step>
     <alter>-1</alter>
     <octave>4</octave>
    </pitch>
    <duration>12</duration>
    <voice>1</voice>
    <type>quarter</type>
    <stem>up</stem>
   </note>
   <note>
    <pitch>
     <step>G</step>
     <octave>4</octave>
    </pitch>
    <duration>12</duration>
    <voice>1</voice>
    <type>quarter</type>
    <stem>up</stem>
   </note>
  </measure>
  <measure number="32">
   <note>
    <pitch>
     <step>A</step>
     <alter>-1</alter>
     <octave>4</octave>
    </pitch>
    <duration>6</duration>
    <voice>1</voice>
    <type>eighth</type>
    <stem>up</stem>
   </note>
   <note>
    <pitch>
     <step>B</step>
     <alter>-1</alter>
     <octave>4</octave>
    </pitch>
    <duration>6</duration>
    <voice>1</voice>
    <type>eighth</type>
    <stem>down</stem>
    <notations>
     <articulations>
      <staccato/>
     </articulations>
    </notations>
   </note>
   <note>
    <pitch>
     <step>C</step>
     <octave>5</octave>
    </pitch>
    <duration>12</duration>
    <voice>1</voice>
    <type>quarter</type>
    <stem>down</stem>
   </note>
  </measure>
  <measure number="33">
   <note>
    <pitch>
     <step>D</step>
     <octave>5</octave>
    </pitch>
    <duration>12</duration>
    <voice>1</voice>
    <type>quarter</type>
    <stem>down</stem>
   </note>
   <note>
    <pitch>
     <step>C</step>
     <octave>5</octave>
    </pitch>
    <duration>12</duration>
    <voice>1</voice>
    <type>quarter</type>
    <stem>down</stem>
   </note>
  </measure>
  <measure number="34">
   <note>
    <pitch>
     <step>B</step>
     <alter>-1</alter>
     <octave>4</octave>
    </pitch>
    <duration>12</duration>
    <voice>1</voice>
    <type>quarter</type>
    <stem>down</stem>
    <notations>
     <articulations>
      <staccato/>
     </articulations>
    </notations>
   </note>
   <note>
    <rest/>
    <duration>12</duration>
    <voice>1</voice>
    <type>quarter</type>
   </note>
  </measure>
  <measure number="35">
   <print new-system="yes"/>
   <note>
    <pitch>
     <step>A</step>
     <alter>-1</alter>
     <octave>4</octave>
    </pitch>
    <duration>6</duration>
    <voice>1</voice>
    <type>eighth</type>
    <stem>up</stem>
   </note>
   <note>
    <pitch>
     <step>B</step>
     <alter>-1</alter>
     <octave>4</octave>
    </pitch>
    <duration>6</duration>
    <voice>1</voice>
    <type>eighth</type>
    <stem>down</stem>
   </note>
   <note>
    <pitch>
     <step>A</step>
     <alter>-1</alter>
     <octave>4</octave>
    </pitch>
    <duration>6</duration>
    <voice>1</voice>
    <type>eighth</type>
    <stem>up</stem>
   </note>
   <note>
    <rest/>
    <duration>6</duration>
    <voice>1</voice>
    <type>eighth</type>
   </note>
  </measure>
  <measure number="36">
   <note>
    <pitch>
     <step>F</step>
     <octave>4</octave>
    </pitch>
    <duration>6</duration>
    <voice>1</voice>
    <type>eighth</type>
    <stem>up</stem>
   </note>
   <note>
    <pitch>
     <step>G</step>
     <octave>4</octave>
    </pitch>
    <duration>6</duration>
    <voice>1</voice>
    <type>eighth</type>
    <accidental>natural</accidental>
    <stem>up</stem>
   </note>
   <note>
    <pitch>
     <step>F</step>
     <octave>4</octave>
    </pitch>
    <duration>12</duration>
    <voice>1</voice>
    <type>quarter</type>
    <stem>up</stem>
   </note>
  </measure>
  <measure number="37">
   <note>
    <pitch>
     <step>E</step>
     <alter>-1</alter>
     <octave>4</octave>
    </pitch>
    <duration>12</duration>
    <voice>1</voice>
    <type>quarter</type>
    <stem>up</stem>
   </note>
   <note>
    <pitch>
     <step>D</step>
     <octave>4</octave>
    </pitch>
    <duration>12</duration>
    <voice>1</voice>
    <type>quarter</type>
    <stem>up</stem>
   </note>
  </measure>
  <measure number="38">
   <note>
    <pitch>
     <step>E</step>
     <alter>-1</alter>
     <octave>4</octave>
    </pitch>
    <duration>12</duration>
    <voice>1</voice>
    <type>quarter</type>
    <stem>up</stem>
   </note>
   <note>
    <rest/>
    <duration>12</duration>
    <voice>1</voice>
    <type>quarter</type>
   </note>
   <barline location="right">
    <bar-style>light-heavy</bar-style>
    <repeat direction="backward"/>
   </barline>
  </measure>
  <measure number="39">
   <attributes>
    <key>
     <fifths>3</fifths>
    </key>
   </attributes>
   <note>
    <pitch>
     <step>F</step>
     <alter>1</alter>
     <octave>4</octave>
    </pitch>
    <duration>6</duration>
    <voice>1</voice>
    <type>eighth</type>
    <stem>up</stem>
   </note>
   <note>
    <pitch>
     <step>F</step>
     <alter>1</alter>
     <octave>4</octave>
    </pitch>
    <duration>6</duration>
    <voice>1</voice>
    <type>eighth</type>
    <stem>up</stem>
   </note>
   <note>
    <pitch>
     <step>F</step>
     <alter>1</alter>
     <octave>4</octave>
    </pitch>
    <duration>6</duration>
    <voice>1</voice>
    <type>eighth</type>
    <stem>up</stem>
   </note>
   <note>
    <pitch>
     <step>G</step>
     <alter>1</alter>
     <octave>4</octave>
    </pitch>
    <duration>6</duration>
    <voice>1</voice>
    <type>eighth</type>
    <stem>up</stem>
   </note>
  </measure>
  <measure number="40">
   <note>
    <pitch>
     <step>A</step>
     <octave>4</octave>
    </pitch>
    <duration>6</duration>
    <voice>1</voice>
    <type>eighth</type>
    <stem>up</stem>
   </note>
   <note>
    <pitch>
     <step>G</step>
     <alter>1</alter>
     <octave>4</octave>
    </pitch>
    <duration>6</duration>
    <voice>1</voice>
    <type>eighth</type>
    <stem>up</stem>
   </note>
   <note>
    <pitch>
     <step>F</step>
     <alter>1</alter>
     <octave>4</octave>
    </pitch>
    <duration>12</duration>
    <voice>1</voice>
    <type>quarter</type>
    <stem>up</stem>
   </note>
  </measure>
  <measure number="41">
   <print new-system="yes"/>
   <note>
    <pitch>
     <step>E</step>
     <octave>4</octave>
    </pitch>
    <duration>12</duration>
    <voice>1</voice>
    <type>quarter</type>
    <stem>up</stem>
   </note>
   <note>
    <rest/>
    <duration>12</duration>
    <voice>1</voice>
    <type>quarter</type>
   </note>
  </measure>
  <measure number="42">
   <note>
    <pitch>
     <step>A</step>
     <octave>4</octave>
    </pitch>
    <duration>6</duration>
    <voice>1</voice>
    <type>eighth</type>
    <stem>up</stem>
   </note>
   <note>
    <pitch>
     <step>A</step>
     <octave>4</octave>
    </pitch>
    <duration>6</duration>
    <voice>1</voice>
    <type>eighth</type>
    <stem>up</stem>
   </note>
   <note>
    <pitch>
     <step>A</step>
     <octave>4</octave>
    </pitch>
    <duration>6</duration>
    <voice>1</voice>
    <type>eighth</type>
    <stem>up</stem>
   </note>
   <note>
    <pitch>
     <step>A</step>
     <octave>4</octave>
    </pitch>
    <duration>6</duration>
    <voice>1</voice>
    <type>eighth</type>
    <stem>up</stem>
   </note>
  </measure>
  <measure number="43">
   <attributes>
    <key>
     <fifths>2</fifths>
    </key>
   </attributes>
   <note>
    <pitch>
     <step>F</step>
     <alter>1</alter>
     <octave>5</octave>
    </pitch>
    <duration>8</duration>
    <voice>1</voice>
    <type>quarter</type>
    <time-modification>
     <actual-notes>3</actual-notes>
     <normal-notes>2</normal-notes>
     <normal-type>eighth</normal-type>
    </time-modification>
    <stem>up</stem>
    <notations>
     <tuplet type="start" number="1"/>
    </notations>
   </note>
   <note>
    <pitch>
     <step>B</step>
     <octave>4</octave>
    </pitch>
    <duration>4</duration>
    <voice>1</voice>
    <type>eighth</type>
    <time-modification>
     <actual-notes>3</actual-notes>
     <normal-notes>2</normal-notes>
     <normal-type>eighth</normal-type>
    </time-modification>
    <stem>down</stem>
    <notations>
     <tuplet type="stop" number="1"/>
    </notations>
   </note>
   <note>
    <pitch>
     <step>C</step>
     <alter>1</alter>
     <octave>5</octave>
    </pitch>
    <duration>4</duration>
    <voice>1</voice>
    <type>eighth</type>
    <time-modification>
     <actual-notes>3</actual-notes>
     <normal-notes>2</normal-notes>
     <normal-type>eighth</normal-type>
    </time-modification>
    <stem>down</stem>
    <notations>
     <tuplet type="start" number="1"/>
    </notations>
   </note>
   <note>
    <pitch>
     <step>D</step>
     <octave>5</octave>
    </pitch>
    <duration>8</duration>
    <voice>1</voice>
    <type>quarter</type>
    <time-modification>
     <actual-notes>3</actual-notes>
     <normal-notes>2</normal-notes>
     <normal-type>eighth</normal-type>
    </time-modification>
    <stem>down</stem>
    <notations>
     <tuplet type="stop" number="1"/>
    </notations>
   </note>
  </measure>
  <measure number="44">
   <note>
    <pitch>
     <step>C</step>
     <alter>1</alter>
     <octave>5</octave>
    </pitch>
    <duration>12</duration>
    <voice>1</voice>
    <type>quarter</type>
    <stem>down</stem>
   </note>
   <note>
    <rest/>
    <duration>12</duration>
    <voice>1</voice>
    <type>quarter</type>
   </note>
  </measure>
  <measure number="45">
   <barline location="left">
    <bar-style>heavy-light</bar-style>
    <repeat direction="forward"/>
   </barline>
   <note>
    <pitch>
     <step>D</step>
     <octave>5</octave>
    </pitch>
    <duration>6</duration>
    <voice>1</voice>
    <type>eighth</type>
    <stem>down</stem>
   </note>
   <note>
    <pitch>
     <step>C</step>
     <alter>1</alter>
     <octave>5</octave>
    </pitch>
    <duration>6</duration>
    <voice>1</voice>
    <type>eighth</type>
    <stem>down</stem>
   </note>
   <note>
    <pitch>
     <step>B</step>
     <octave>4</octave>
    </pitch>
    <duration>6</duration>
    <voice>1</voice>
    <type>eighth</type>
    <stem>down</stem>
   </note>
   <note>
    <pitch>
     <step>A</step>
     <octave>4</octave>
    </pitch>
    <duration>6</duration>
    <voice>1</voice>
    <type>eighth</type>
    <stem>up</stem>
   </note>
  </measure>
  <measure number="46">
   <note>
    <pitch>
     <step>F</step>
     <alter>1</alter>
     <octave>4</octave>
    </pitch>
    <duration>12</duration>
    <voice>1</voice>
    <type>quarter</type>
    <stem>up</stem>
   </note>
   <note>
    <pitch>
     <step>C</step>
     <alter>1</alter>
     <octave>5</octave>
    </pitch>
    <duration>12</duration>
    <voice>1</voice>
    <type>quarter</type>
    <stem>down</stem>
   </note>
  </measure>
  <measure number="47">
   <attributes>
    <key>
     <fifths>-2</fifths>
    </key>
   </attributes>
   <note>
    <pitch>
     <step>G</step>
     <octave>4</octave>
    </pitch>
    <duration>18</duration>
    <voice>1</voice>
    <type>quarter</type>
    <dot/>
    <stem>up</stem>
   </note>
   <note>
    <pitch>
     <step>A</step>
     <octave>4</octave>
    </pitch>
    <duration>6</duration>
    <voice>1</voice>
    <type>eighth</type>
    <stem>up</stem>
   </note>
  </measure>
  <measure number="48">
   <print new-system="yes"/>
   <note>
    <pitch>
     <step>G</step>
     <octave>4</octave>
    </pitch>
    <duration>6</duration>
    <voice>1</voice>
    <type>eighth</type>
    <stem>up</stem>
   </note>
   <note>
    <pitch>
     <step>F</step>
     <octave>4</octave>
    </pitch>
    <duration>6</duration>
    <voice>1</voice>
    <type>eighth</type>
    <stem>up</stem>
   </note>
   <note>
    <pitch>
     <step>E</step>
     <alter>1</alter>
     <octave>4</octave>
    </pitch>
    <duration>6</duration>
    <voice>1</voice>
    <type>eighth</type>
    <accidental>sharp</accidental>
    <stem>up</stem>
   </note>
   <note>
    <pitch>
     <step>F</step>
     <octave>4</octave>
    </pitch>
    <duration>6</duration>
    <voice>1</voice>
    <type>eighth</type>
    <stem>up</stem>
   </note>
  </measure>
  <measure number="49">
   <note>
    <pitch>
     <step>G</step>
     <octave>4</octave>
    </pitch>
    <duration>12</duration>
    <voice>1</voice>
    <type>quarter</type>
    <stem>up</stem>
   </note>
   <note>
    <pitch>
     <step>C</step>
     <octave>5</octave>
    </pitch>
    <duration>12</duration>
    <voice>1</voice>
    <type>quarter</type>
    <stem>down</stem>
   </note>
  </measure>
  <measure number="50">
   <note>
    <pitch>
     <step>F</step>
     <octave>4</octave>
    </pitch>
    <duration>18</duration>
    <voice>1</voice>
    <type>quarter</type>
    <dot/>
    <stem>up</stem>
   </note>
   <note>
    <pitch>
     <step>F</step>
     <octave>4</octave>
    </pitch>
    <duration>3</duration>
    <voice>1</voice>
    <type>16th</type>
    <stem>up</stem>
   </note>
   <note>
    <rest/>
    <duration>3</duration>
    <voice>1</voice>
    <type>16th</type>
   </note>
  </measure>
  <measure number="51">
   <note>
    <pitch>
     <step>G</step>
     <octave>4</octave>
    </pitch>
    <duration>9</duration>
    <voice>1</voice>
    <type>eighth</type>
    <dot/>
    <accidental>natural</accidental>
    <stem>up</stem>
   </note>
   <note>
    <pitch>
     <step>F</step>
     <alter>1</alter>
     <octave>4</octave>
    </pitch>
    <duration>3</duration>
    <voice>1</voice>
    <type>16th</type>
    <accidental>sharp</accidental>
    <stem>up</stem>
   </note>
   <note>
    <pitch>
     <step>G</step>
     <octave>4</octave>
    </pitch>
    <duration>6</duration>
    <voice>1</voice>
    <type>eighth</type>
    <stem>up</stem>
   </note>
   <note>
    <pitch>
     <step>A</step>
     <octave>4</octave>
    </pitch>
    <duration>6</duration>
    <voice>1</voice>
    <type>eighth</type>
    <stem>up</stem>
   </note>
  </measure>
  <measure number="52">
   <note>
    <pitch>
     <step>B</step>
     <alter>-1</alter>
     <octave>4</octave>
    </pitch>
    <duration>12</duration>
    <voice>1</voice>
    <type>quarter</type>
    <stem>down</stem>
   </note>
   <note>
    <pitch>
     <step>A</step>
     <octave>4</octave>
    </pitch>
    <duration>12</duration>
    <voice>1</voice>
    <type>quarter</type>
    <stem>up</stem>
   </note>
  </measure>
  <measure number="53">
   <note>
    <pitch>
     <step>B</step>
     <alter>-1</alter>
     <octave>4</octave>
    </pitch>
    <duration>6</duration>
    <voice>1</voice>
    <type>eighth</type>
    <stem>down</stem>
   </note>
   <note>
    <pitch>
     <step>G</step>
     <octave>4</octave>
    </pitch>
    <duration>3</duration>
    <voice>1</voice>
    <type>16th</type>
    <stem>up</stem>
   </note>
   <note>
    <pitch>
     <step>A</step>
     <octave>4</octave>
    </pitch>
    <duration>12</duration>
    <voice>1</voice>
    <type>quarter</type>
    <stem>up</stem>
   </note>
   <note>
    <rest/>
    <duration>3</duration>
    <voice>1</voice>
    <type>16th</type>
   </note>
  </measure>
  <measure number="54">
   <note>
    <pitch>
     <step>G</step>
     <octave>4</octave>
    </pitch>
    <duration>12</duration>
    <voice>1</voice>
    <type>quarter</type>
    <stem>up</stem>
   </note>
   <note>
    <rest/>
    <duration>12</duration>
    <voice>1</voice>
    <type>quarter</type>
   </note>
  </measure>
  <measure number="55">
   <print new-system="yes"/>
   <note>
    <pitch>
     <step>B</step>
     <alter>-1</alter>
     <octave>4</octave>
    </pitch>
    <duration>9</duration>
    <voice>1</voice>
    <type>eighth</type>
    <dot/>
    <stem>down</stem>
   </note>
   <note>
    <pitch>
     <step>A</step>
     <octave>4</octave>
    </pitch>
    <duration>3</duration>
    <voice>1</voice>
    <type>16th</type>
    <stem>up</stem>
   </note>
   <note>
    <pitch>
     <step>B</step>
     <alter>-1</alter>
     <octave>4</octave>
    </pitch>
    <duration>6</duration>
    <voice>1</voice>
    <type>eighth</type>
    <stem>down</stem>
   </note>
   <note>
    <pitch>
     <step>C</step>
     <octave>5</octave>
    </pitch>
    <duration>6</duration>
    <voice>1</voice>
    <type>eighth</type>
    <stem>down</stem>
   </note>
  </measure>
  <measure number="56">
   <note>
    <pitch>
     <step>D</step>
     <octave>5</octave>
    </pitch>
    <duration>12</duration>
    <voice>1</voice>
    <type>quarter</type>
    <stem>down</stem>
   </note>
   <note>
    <pitch>
     <step>C</step>
     <octave>5</octave>
    </pitch>
    <duration>12</duration>
    <voice>1</voice>
    <type>quarter</type>
    <stem>down</stem>
   </note>
  </measure>
  <measure number="57">
   <note>
    <pitch>
     <step>B</step>
     <alter>-1</alter>
     <octave>4</octave>
    </pitch>
    <duration>6</duration>
    <voice>1</voice>
    <type>eighth</type>
    <stem>down</stem>
   </note>
   <note>
    <pitch>
     <step>D</step>
     <octave>5</octave>
    </pitch>
    <duration>6</duration>
    <voice>1</voice>
    <type>eighth</type>
    <stem>down</stem>
   </note>
   <note>
    <pitch>
     <step>C</step>
     <octave>5</octave>
    </pitch>
    <duration>12</duration>
    <voice>1</voice>
    <type>quarter</type>
    <stem>down</stem>
   </note>
  </measure>
  <measure number="58">
   <note>
    <pitch>
     <step>B</step>
     <alter>-1</alter>
     <octave>4</octave>
    </pitch>
    <duration>12</duration>
    <voice>1</voice>
    <type>quarter</type>
    <stem>down</stem>
   </note>
   <note>
    <rest/>
    <duration>12</duration>
    <voice>1</voice>
    <type>quarter</type>
   </note>
  </measure>
  <measure number="59">
   <barline location="left">
    <bar-style>heavy-light</bar-style>
    <repeat direction="forward"/>
   </barline>
   <note>
    <pitch>
     <step>D</step>
     <octave>5</octave>
    </pitch>
    <duration>9</duration>
    <voice>1</voice>
    <type>eighth</type>
    <dot/>
    <stem>down</stem>
   </note>
   <note>
    <pitch>
     <step>C</step>
     <octave>5</octave>
    </pitch>
    <duration>3</duration>
    <voice>1</voice>
    <type>16th</type>
    <stem>down</stem>
   </note>
   <note>
    <pitch>
     <step>B</step>
     <alter>-1</alter>
     <octave>4</octave>
    </pitch>
    <duration>6</duration>
    <voice>1</voice>
    <type>eighth</type>
    <stem>down</stem>
   </note>
   <note>
    <pitch>
     <step>A</step>
     <octave>4</octave>
    </pitch>
    <duration>6</duration>
    <voice>1</voice>
    <type>eighth</type>
    <stem>up</stem>
   </note>
  </measure>
  <measure number="60">
   <note>
    <pitch>
     <step>B</step>
     <alter>-1</alter>
     <octave>4</octave>
    </pitch>
    <duration>12</duration>
    <voice>1</voice>
    <type>quarter</type>
    <stem>down</stem>
   </note>
   <note>
    <pitch>
     <step>A</step>
     <octave>4</octave>
    </pitch>
    <duration>12</duration>
    <voice>1</voice>
    <type>quarter</type>
    <stem>up</stem>
   </note>
  </measure>
  <measure number="61">
   <note>
    <pitch>
     <step>D</step>
     <octave>5</octave>
    </pitch>
    <duration>9</duration>
    <voice>1</voice>
    <type>eighth</type>
    <dot/>
    <stem>down</stem>
   </note>
   <note>
    <pitch>
     <step>C</step>
     <octave>5</octave>
    </pitch>
    <duration>3</duration>
    <voice>1</voice>
    <type>16th</type>
    <stem>down</stem>
   </note>
   <note>
    <pitch>
     <step>B</step>
     <alter>-1</alter>
     <octave>4</octave>
    </pitch>
    <duration>6</duration>
    <voice>1</voice>
    <type>eighth</type>
    <stem>down</stem>
   </note>
   <note>
    <pitch>
     <step>A</step>
     <octave>4</octave>
    </pitch>
    <duration>6</duration>
    <voice>1</voice>
    <type>eighth</type>
    <stem>up</stem>
   </note>
  </measure>
  <measure number="62">
   <note>
    <pitch>
     <step>B</step>
     <alter>-1</alter>
     <octave>4</octave>
    </pitch>
    <duration>12</duration>
    <voice>1</voice>
    <type>quarter</type>
    <stem>down</stem>
   </note>
   <note>
    <pitch>
     <step>A</step>
     <octave>4</octave>
    </pitch>
    <duration>12</duration>
    <voice>1</voice>
    <type>quarter</type>
    <stem>up</stem>
   </note>
  </measure>
  <measure number="63">
   <print new-system="yes"/>
   <note>
    <pitch>
     <step>B</step>
     <alter>-1</alter>
     <octave>4</octave>
    </pitch>
    <duration>6</duration>
    <voice>1</voice>
    <type>eighth</type>
    <stem>down</stem>
   </note>
   <note>
    <pitch>
     <step>G</step>
     <octave>4</octave>
    </pitch>
    <duration>6</duration>
    <voice>1</voice>
    <type>eighth</type>
    <stem>up</stem>
   </note>
   <note>
    <pitch>
     <step>A</step>
     <octave>4</octave>
    </pitch>
    <duration>12</duration>
    <voice>1</voice>
    <type>quarter</type>
    <stem>up</stem>
   </note>
  </measure>
  <measure number="64">
   <note>
    <pitch>
     <step>G</step>
     <octave>4</octave>
    </pitch>
    <duration>12</duration>
    <voice>1</voice>
    <type>quarter</type>
    <stem>up</stem>
   </note>
   <note>
    <rest/>
    <duration>12</duration>
    <voice>1</voice>
    <type>quarter</type>
   </note>
   <barline location="right">
    <bar-style>light-light</bar-style>
   </barline>
  </measure>
 </part>
</score-partwise>
